<?xml version='1.0' encoding='UTF-8' ?>
<timeLogEntries>
  <time id="4" flag="D" />
  <time id="2" flag="D" />
  <time id="1" flag="D" />
  <time id="5" path="/Project/Hangman (java)/Planning" start="@1767958602065" delta="5" flag="A" />
  <time id="6" path="/Project/Hangman (java)/Design" start="@1767962267861" delta="33" interrupt="22" flag="A" />
  <time id="7" flag="D" />
  <time id="8" flag="D" />
  <time id="9" flag="D" />
  <time id="10" path="/Project/Hangman (java)/Code" start="@1767970523108" delta="57" interrupt="3" flag="A" />
  <time id="11" flag="D" />
  <time id="12" path="/Project/Hangman (java)/Compile" start="@1767971985269" delta="5" flag="A" />
  <time id="13" flag="D" />
  <time id="14" flag="D" />
  <time id="15" flag="D" />
  <time id="16" flag="D" />
  <time id="17" flag="D" />
  <time id="18" flag="D" />
  <time id="19" flag="D" />
  <time id="20" flag="D" />
  <time id="21" flag="D" />
  <time id="22" flag="D" />
  <time id="23" flag="D" />
  <time id="24" flag="D" />
  <time id="25" path="/Project/Hangman (java)/Test" start="@1767973921214" delta="7" flag="A" />
  <time id="26" flag="D" />
  <time id="27" path="/Project/Hangman (java)/Postmortem" start="@1767974320355" delta="5" flag="A" />
</timeLogEntries>
